study,ratio,mode,mode_label,config,run_idx,prompt_len,new_tokens,batch_size,prefill_time_s,decode_time_s,prefill_tok_s,decode_tok_s,decode_ms_per_token,total_time_s
stage,0.8,static,StaticCache,ctx4096,1,4096,128,1,0.6603325949981809,3.791793735930696,6202.9347498911275,33.75711046386398,29.623388561958564,4.452126330928877
stage,0.8,static,StaticCache,ctx4096,2,4096,128,1,0.6602323008701205,3.8362198541872203,6203.877021166458,33.36617943319605,29.97046761083766,4.496452155057341
stage,0.8,static,StaticCache,ctx4096,3,4096,128,1,0.6603522310033441,3.7899325790349394,6202.7503015724005,33.773687877211174,29.608848273710464,4.4502848100382835
stage,0.8,static,StaticCache,ctx4096,4,4096,128,1,0.6602151391562074,3.79077679105103,6204.038285512388,33.766166423244016,29.615443680086173,4.450991930207238
stage,0.8,static,StaticCache,ctx4096,5,4096,128,1,0.6602789969183505,3.786447683116421,6203.43827248303,33.80477183687115,29.58162252434704,4.446726680034772
stage,0.8,static,StaticCache,ctx8192,1,8192,128,1,1.5361053890082985,4.407899521989748,5332.9674243827185,29.038774446069986,34.436715015544905,5.944004910998046
stage,0.8,static,StaticCache,ctx8192,2,8192,128,1,1.5362985259853303,4.405505029018968,5332.296986190185,29.054557685638017,34.41800803921069,5.941803555004299
stage,0.8,static,StaticCache,ctx8192,3,8192,128,1,1.5361214899457991,4.420736605068669,5332.911526606563,28.95445067983455,34.537004727098974,5.956858095014468
stage,0.8,static,StaticCache,ctx8192,4,8192,128,1,1.5361156000290066,4.404174685012549,5332.931974550164,29.0633340306835,34.40761472666054,5.940290285041556
stage,0.8,static,StaticCache,ctx8192,5,8192,128,1,1.5361622360069305,4.404579434078187,5332.770073357696,29.060663320013095,34.410776828735834,5.940741670085117
decode_sweep,0.8,static,StaticCache,tok64,1,512,64,1,0.08832188602536917,1.8909482369199395,5796.977657983159,33.845453170228524,29.546066201874055,1.9792701229453087
decode_sweep,0.8,static,StaticCache,tok64,2,512,64,1,0.0882898059207946,1.8940212149173021,5799.083990051114,33.79054019877724,29.594081483082846,1.9823110208380967
decode_sweep,0.8,static,StaticCache,tok128,1,512,128,1,0.08886167197488248,3.789480439852923,5761.76419620735,33.77771756092451,29.605315936350962,3.8783421118278056
decode_sweep,0.8,static,StaticCache,tok128,2,512,128,1,0.08885144395753741,3.8287867680191994,5762.427454129925,33.43095548416243,29.912396625149995,3.917638211976737
decode_sweep,0.8,static,StaticCache,tok256,1,512,256,1,0.08949539298191667,7.57861961890012,5720.964878085447,33.77923855177641,29.603982886328595,7.668115011882037
decode_sweep,0.8,static,StaticCache,tok256,2,512,256,1,0.08949661604128778,7.579842061037198,5720.886695467874,33.77379079122526,29.608758050926554,7.6693386770784855
decode_sweep,0.8,static,StaticCache,tok512,1,512,512,1,0.09080517408438027,15.147398167056963,5638.445222562169,33.801184490780315,29.58476204503313,15.238203341141343
decode_sweep,0.8,static,StaticCache,tok512,2,512,512,1,0.0907974501606077,15.174781020032242,5638.924871726522,33.74019034107368,29.638244179750473,15.26557847019285
decode_sweep,0.8,static,StaticCache,tok1024,1,512,1024,1,0.09319881699047983,30.381994194118306,5493.631963722247,33.70417338168795,29.66991620519366,30.475193011108786
decode_sweep,0.8,static,StaticCache,tok1024,2,512,1024,1,0.09321719105355442,30.314413002924994,5492.549112597158,33.77931150773712,29.60391894816894,30.407630193978548
decode_sweep,0.8,static,StaticCache,tok2048,1,512,2048,1,0.09824768709950149,60.79248775891028,5211.318608258594,33.688372947031226,29.683831913530412,60.890735446009785
decode_sweep,0.8,static,StaticCache,tok2048,2,512,2048,1,0.0982578459661454,60.751230861991644,5210.779810666813,33.71125112925587,29.663686944331857,60.84948870795779
decode_sweep,0.8,static,StaticCache,tok4096,1,512,4096,1,0.10790460207499564,121.64175925194286,4744.932006182191,33.672646837640826,29.697695129868862,121.74966385401785
decode_sweep,0.8,static,StaticCache,tok4096,2,512,4096,1,0.10809773998335004,121.52229153597727,4736.454250374353,33.70575018154064,29.6685282070257,121.63038927596062
decode_sweep,0.8,static,StaticCache,tok8192,1,512,8192,1,0.12772639212198555,287.6492350110784,4008.568562016631,28.479130145034095,35.11343200818828,287.7769614032004
decode_sweep,0.8,static,StaticCache,tok8192,2,512,8192,1,0.12771072587929666,287.6180207079742,4009.0602921160043,28.48222089782595,35.10962166845388,287.7457314338535
decode_sweep,0.8,static,StaticCache,tok16384,1,512,16384,1,0.1669921309221536,803.2672542100772,3066.012734687948,20.3966985011879,49.027542371220534,803.4342463409994
decode_sweep,0.8,static,StaticCache,tok16384,2,512,16384,1,0.16695714090019464,803.3052697479725,3066.6552939240173,20.39573324987683,49.0298626555159,803.4722268888727
stage,0.8,densekv,DenseKVCacheBaseline,ctx4096,1,4096,128,1,0.5748607460409403,3.330925539135933,7125.203848426088,38.427757839703666,26.022855774499476,3.905786285176873
stage,0.8,densekv,DenseKVCacheBaseline,ctx4096,2,4096,128,1,0.5749461748637259,3.263819115003571,7124.145144492589,39.2178596575993,25.498586835965398,3.838765289867297
stage,0.8,densekv,DenseKVCacheBaseline,ctx4096,3,4096,128,1,0.5751765400636941,3.2650747469160706,7121.291837713714,39.202777860108284,25.5083964602818,3.8402512869797647
stage,0.8,densekv,DenseKVCacheBaseline,ctx4096,4,4096,128,1,0.5750262520741671,3.261811956996098,7123.153047752846,39.24199239182356,25.482905914032017,3.8368382090702653
stage,0.8,densekv,DenseKVCacheBaseline,ctx4096,5,4096,128,1,0.5750860830303282,3.257892585126683,7122.411967294974,39.28920203949042,25.452285821302212,3.8329786681570113
stage,0.8,densekv,DenseKVCacheBaseline,ctx8192,1,8192,128,1,1.1823066668584943,3.310529361013323,6928.828390832773,38.66451133386727,25.863510632916586,4.492836027871817
stage,0.8,densekv,DenseKVCacheBaseline,ctx8192,2,8192,128,1,1.182261724025011,3.268841147888452,6929.091785286196,39.15760791333748,25.53782146787853,4.451102871913463
stage,0.8,densekv,DenseKVCacheBaseline,ctx8192,3,8192,128,1,1.1820575369056314,3.264264210825786,6930.288707811015,39.21251214147854,25.502064147076453,4.446321747731417
stage,0.8,densekv,DenseKVCacheBaseline,ctx8192,4,8192,128,1,1.1825900611001998,3.262465186882764,6927.167976009143,39.23413513028228,25.488009272521595,4.445055247982964
stage,0.8,densekv,DenseKVCacheBaseline,ctx8192,5,8192,128,1,1.1822636381257325,3.270269548986107,6929.080566993459,39.1405045005187,25.548980851453962,4.45253318711184
decode_sweep,0.8,densekv,DenseKVCacheBaseline,tok64,1,512,64,1,0.08706352091394365,1.6410491231363267,5880.7637759800355,38.999441940948735,25.641392549005104,1.7281126440502703
decode_sweep,0.8,densekv,DenseKVCacheBaseline,tok64,2,512,64,1,0.08709335699677467,1.63180117495358,5878.74916819386,39.220464467321285,25.496893358649686,1.7188945319503546
decode_sweep,0.8,densekv,DenseKVCacheBaseline,tok128,1,512,128,1,0.08703569113276899,3.266534046968445,5882.644158233515,39.18526430752873,25.519797241940978,3.353569738101214
decode_sweep,0.8,densekv,DenseKVCacheBaseline,tok128,2,512,128,1,0.08700107596814632,3.3089607460424304,5884.984689010725,38.68284027034471,25.851255828456488,3.3959618220105767
decode_sweep,0.8,densekv,DenseKVCacheBaseline,tok256,1,512,256,1,0.08708624402061105,6.542642868123949,5879.229329018059,39.12791897097785,25.557198703609174,6.62972911214456
decode_sweep,0.8,densekv,DenseKVCacheBaseline,tok256,2,512,256,1,0.08710055006667972,6.536729542072862,5878.263680402008,39.1633152866869,25.53409977372212,6.623830092139542
decode_sweep,0.8,densekv,DenseKVCacheBaseline,tok512,1,512,512,1,0.08725652913562953,13.118840431096032,5867.75574357489,39.027839593687645,25.622735216984438,13.206096960231662
decode_sweep,0.8,densekv,DenseKVCacheBaseline,tok512,2,512,512,1,0.08727408177219331,13.146640245104209,5866.575615615701,38.945311536205466,25.677031728719157,13.233914326876402
decode_sweep,0.8,densekv,DenseKVCacheBaseline,tok1024,1,512,1024,1,0.0874504370149225,26.13974379003048,5854.744898674807,39.174064146357345,25.52709354495164,26.227194227045402
decode_sweep,0.8,densekv,DenseKVCacheBaseline,tok1024,2,512,1024,1,0.0874660259578377,26.13053653202951,5853.701415985282,39.18786737290418,25.518102082060068,26.218002557987347
decode_sweep,0.8,densekv,DenseKVCacheBaseline,tok2048,1,512,2048,1,0.08768531191162765,52.184032805031165,5839.062310869255,39.24572115098295,25.480484768081624,52.27171811694279
decode_sweep,0.8,densekv,DenseKVCacheBaseline,tok2048,2,512,2048,1,0.08768322807736695,52.20053425501101,5839.201079004971,39.23331493112835,25.488542116704593,52.288217483088374
decode_sweep,0.8,densekv,DenseKVCacheBaseline,tok4096,1,512,4096,1,0.08834584197029471,104.51341864583082,5795.405743851014,39.19113978923887,25.51597134907979,104.60176448780112
decode_sweep,0.8,densekv,DenseKVCacheBaseline,tok4096,2,512,4096,1,0.08832555497065187,104.76465058280155,5796.736857980948,39.09715707745042,25.577307271191785,104.8529761377722
decode_sweep,0.8,densekv,DenseKVCacheBaseline,tok8192,1,512,8192,1,0.0893935989588499,209.2512602689676,5727.479438831927,39.14910710439764,25.54336673205171,209.34065386792645
decode_sweep,0.8,densekv,DenseKVCacheBaseline,tok8192,2,512,8192,1,0.08938697702251375,210.77851805998944,5727.903740060965,38.86544072612032,25.729799567869804,210.86790503701195
decode_sweep,0.8,densekv,DenseKVCacheBaseline,tok16384,1,512,16384,1,0.09150242805480957,422.39952079812065,5595.47993298401,38.78792279177438,25.78122075183842,422.49102322617546
decode_sweep,0.8,densekv,DenseKVCacheBaseline,tok16384,2,512,16384,1,0.09151462092995644,421.96610078797676,5594.734423823655,38.82776357959709,25.75476689379741,422.0576154089067
stage,0.8,flashsvd,FlashSVD-v1.5,ctx4096,1,4096,128,1,0.5593482260592282,2.3977508840616792,7322.808599675944,53.38336056962428,18.73242878173187,2.9570991101209074
stage,0.8,flashsvd,FlashSVD-v1.5,ctx4096,2,4096,128,1,0.5592610749881715,2.3900427587796003,7323.9497315035405,53.555527209629986,18.672209052965627,2.9493038337677717
stage,0.8,flashsvd,FlashSVD-v1.5,ctx4096,3,4096,128,1,0.5590636811684817,2.399459521053359,7326.535666632963,53.34534668199287,18.745777508229367,2.9585232022218406
stage,0.8,flashsvd,FlashSVD-v1.5,ctx4096,4,4096,128,1,0.5593719910830259,2.3953466000966728,7322.497488781205,53.43694311079411,18.713645313255256,2.9547185911796987
stage,0.8,flashsvd,FlashSVD-v1.5,ctx4096,5,4096,128,1,0.559273038059473,2.3904074740130454,7323.793069324453,53.547356001657754,18.675058390726917,2.9496805120725185
stage,0.8,flashsvd,FlashSVD-v1.5,ctx8192,1,8192,128,1,14.407436804147437,2.538387719076127,568.5952408718383,50.42570882220741,19.83115405528224,16.945824523223564
stage,0.8,flashsvd,FlashSVD-v1.5,ctx8192,2,8192,128,1,1.1503596338443458,2.539673544932157,7121.251266982872,50.400178501453546,19.841199569782475,3.6900331787765026
stage,0.8,flashsvd,FlashSVD-v1.5,ctx8192,3,8192,128,1,1.1498419980052859,2.5384937848430127,7124.457111682523,50.423601887178094,19.831982694086037,3.6883357828482985
stage,0.8,flashsvd,FlashSVD-v1.5,ctx8192,4,8192,128,1,1.1500118121039122,2.543191527016461,7123.405093564196,50.33046022694283,19.8686838048161,3.693203339120373
stage,0.8,flashsvd,FlashSVD-v1.5,ctx8192,5,8192,128,1,1.150091489078477,2.5386387340258807,7122.9115925063725,50.42072284031221,19.833115109577193,3.6887302231043577
decode_sweep,0.8,flashsvd,FlashSVD-v1.5,tok64,1,512,64,1,0.08429760509170592,1.1186883591581136,6073.719406891856,57.209856056930995,17.479505611845525,1.2029859642498195
decode_sweep,0.8,flashsvd,FlashSVD-v1.5,tok64,2,512,64,1,0.08412965410389006,1.1220692771021277,6085.844586591801,57.03747647853555,17.532332454720745,1.2061989312060177
decode_sweep,0.8,flashsvd,FlashSVD-v1.5,tok128,1,512,128,1,0.08426705794408917,2.2393708338495344,6075.921154619042,57.158911809155256,17.495084639449487,2.3236378917936236
decode_sweep,0.8,flashsvd,FlashSVD-v1.5,tok128,2,512,128,1,0.08450033911503851,2.238122286973521,6059.147281089188,57.19079817264442,17.485330366980634,2.3226226260885596
decode_sweep,0.8,flashsvd,FlashSVD-v1.5,tok256,1,512,256,1,0.08430305495858192,4.527538032038137,6073.326764392412,56.542871244475855,17.685695437648974,4.611841086996719
decode_sweep,0.8,flashsvd,FlashSVD-v1.5,tok256,2,512,256,1,0.08443526900373399,4.5287824522238225,6063.816768054091,56.527334377541855,17.690556453999307,4.6132177212275565
decode_sweep,0.8,flashsvd,FlashSVD-v1.5,tok512,1,512,512,1,0.08504883293062449,9.074577584164217,6020.070850562353,56.42135903862637,17.723784344070737,9.159626417094842
decode_sweep,0.8,flashsvd,FlashSVD-v1.5,tok512,2,512,512,1,0.08499344089068472,9.083207702031359,6023.994259257189,56.367752097697476,17.740640043029998,9.168201142922044
decode_sweep,0.8,flashsvd,FlashSVD-v1.5,tok1024,1,512,1024,1,0.08518992410972714,18.305823580129072,6010.100435592933,55.9384829378313,17.876780839969797,18.3910135042388
decode_sweep,0.8,flashsvd,FlashSVD-v1.5,tok1024,2,512,1024,1,0.0850063650868833,18.32484859204851,6023.078383326884,55.880407134405054,17.895359953172374,18.409854957135394
decode_sweep,0.8,flashsvd,FlashSVD-v1.5,tok2048,1,512,2048,1,0.08541223499923944,37.05643466091715,5994.45735150894,55.2670546624388,18.09396223677595,37.14184689591639
decode_sweep,0.8,flashsvd,FlashSVD-v1.5,tok2048,2,512,2048,1,0.0851639958564192,37.02125353598967,6011.930215947097,55.31957468725543,18.076783953119957,37.10641753184609
decode_sweep,0.8,flashsvd,FlashSVD-v1.5,tok4096,1,512,4096,1,0.0855787331238389,75.7784670710098,5982.7948055634015,54.05229425084249,18.500602312258252,75.86404580413364
decode_sweep,0.8,flashsvd,FlashSVD-v1.5,tok4096,2,512,4096,1,0.08686739508993924,75.72282097302377,5894.041135570998,54.09201542371485,18.487016839117132,75.80968836811371
decode_sweep,0.8,flashsvd,FlashSVD-v1.5,tok8192,1,512,8192,1,0.08704543206840754,157.5894091341179,5881.985853061512,51.9831887498742,19.236988419692125,157.6764545661863
decode_sweep,0.8,flashsvd,FlashSVD-v1.5,tok8192,2,512,8192,1,0.08694900409318507,157.64212785102427,5888.509078853611,51.96580451985299,19.243423809939486,157.72907685511746
decode_sweep,0.8,flashsvd,FlashSVD-v1.5,tok16384,1,512,16384,1,0.08948955102823675,340.90467689489014,5721.338347517779,48.06035560800363,20.807170220635385,340.9941664459184
decode_sweep,0.8,flashsvd,FlashSVD-v1.5,tok16384,2,512,16384,1,0.08897510007955134,340.9678131749388,5754.418927792475,48.05145637483951,20.811023753353197,341.05678827501833
stage,0.7,static,StaticCache,ctx4096,1,4096,128,1,1.1101065268740058,3.890481205889955,3689.735985549147,32.90081437900681,30.394384421015275,5.000587732763961
stage,0.7,static,StaticCache,ctx4096,2,4096,128,1,1.110046936897561,3.8495954410173,3689.9340594081505,33.25024719121512,30.074964382947655,4.959642377914861
stage,0.7,static,StaticCache,ctx4096,3,4096,128,1,1.1130844810977578,3.866570992162451,3679.8644393643867,33.104267388199084,30.20758587626915,4.979655473260209
stage,0.7,static,StaticCache,ctx4096,4,4096,128,1,1.109961309004575,3.8346526080276817,3690.2187191311523,33.379816396415535,29.958223500216263,4.944613917032257
stage,0.7,static,StaticCache,ctx4096,5,4096,128,1,1.1098651408683509,3.832274353830144,3690.5384710031685,33.40053142909019,29.939643389298,4.942139494698495
stage,0.7,static,StaticCache,ctx8192,1,8192,128,1,2.419185534119606,4.3217145290691406,3386.263634790312,29.617874836256266,33.76339475835266,6.740900063188747
stage,0.7,static,StaticCache,ctx8192,2,8192,128,1,2.4189768489450216,4.322611777111888,3386.5557678126365,29.611727029884232,33.770404508686624,6.74158862605691
stage,0.7,static,StaticCache,ctx8192,3,8192,128,1,2.41920369816944,4.3209043520037085,3386.2382097872587,29.623428239193327,33.75706525002897,6.7401080501731485
stage,0.7,static,StaticCache,ctx8192,4,8192,128,1,2.4186198390088975,4.330866481177509,3387.0556537553744,29.555286582097168,33.83489438419929,6.749486320186406
stage,0.7,static,StaticCache,ctx8192,5,8192,128,1,2.4190962091088295,4.32421762496233,3386.388672411607,29.600730375154296,33.7829501950182,6.743313834071159
decode_sweep,0.7,static,StaticCache,tok64,1,512,64,1,0.14989841217175126,1.9665422281250358,3415.6465874592345,32.54443209237345,30.727222314453684,2.116440640296787
decode_sweep,0.7,static,StaticCache,tok64,2,512,64,1,0.1505556278862059,1.9332133079878986,3400.736373581356,33.10550353422284,30.206457937310915,2.0837689358741045
decode_sweep,0.7,static,StaticCache,tok128,1,512,128,1,0.15045082406140864,3.857949570985511,3403.1053215834827,33.178246020282344,30.140231023324304,4.00840039504692
decode_sweep,0.7,static,StaticCache,tok128,2,512,128,1,0.15044274902902544,3.8148154912050813,3403.2879836649226,33.55339210902843,29.803246025039698,3.965258240234107
decode_sweep,0.7,static,StaticCache,tok256,1,512,256,1,0.15112283593043685,7.828330900054425,3387.9724189114477,32.70173466967527,30.579417578337598,7.979453735984862
decode_sweep,0.7,static,StaticCache,tok256,2,512,256,1,0.15127751184627414,7.690578061854467,3384.508336706955,33.28748475615492,30.04132055411901,7.841855573700741
decode_sweep,0.7,static,StaticCache,tok512,1,512,512,1,0.1529116511810571,15.412288226885721,3348.3387043787757,33.220245589934514,30.102125443136174,15.565199878066778
decode_sweep,0.7,static,StaticCache,tok512,2,512,512,1,0.15302043198607862,15.394822994014248,3345.9584014674615,33.25793354032545,30.06801366018408,15.547843426000327
decode_sweep,0.7,static,StaticCache,tok1024,1,512,1024,1,0.15551969083026052,30.586850981926546,3292.187614742716,33.47843818917714,29.869971662037642,30.742370672756806
decode_sweep,0.7,static,StaticCache,tok1024,2,512,1024,1,0.15545741585083306,31.062861817190424,3293.5064383887757,32.96541078624348,30.334825993350023,31.218319233041257
decode_sweep,0.7,static,StaticCache,tok2048,1,512,2048,1,0.16000548982992768,62.272747544106096,3199.890207168596,32.887580535120236,30.406615011770555,62.432753033936024
decode_sweep,0.7,static,StaticCache,tok2048,2,512,2048,1,0.16002443595789373,63.58211586717516,3199.5113554702325,32.21031530750455,31.045955013269122,63.742140303133056
decode_sweep,0.7,static,StaticCache,tok4096,1,512,4096,1,0.17026632209308445,127.51958132605068,3007.0538536686663,32.12055715213705,31.132710284680343,127.68984764814377
decode_sweep,0.7,static,StaticCache,tok4096,2,512,4096,1,0.17017204011790454,125.72405141289346,3008.7198792778076,32.5792873676034,30.694348489475942,125.89422345301136
decode_sweep,0.7,static,StaticCache,tok8192,1,512,8192,1,0.18963022902607918,284.42038647807203,2699.991465651747,28.80243607513549,34.71928545874903,284.6100167070981
decode_sweep,0.7,static,StaticCache,tok8192,2,512,8192,1,0.18992083403281868,283.9457798891235,2695.8601072251263,28.850578456206854,34.66135008412152,284.13570072315633
decode_sweep,0.7,static,StaticCache,tok16384,1,512,16384,1,0.22919236705638468,794.6630400558934,2233.9312891429777,20.61754375646767,48.50238281591146,794.8922324229497
decode_sweep,0.7,static,StaticCache,tok16384,2,512,16384,1,0.2290634319651872,794.0901929431129,2235.188723086159,20.632417004517418,48.467419002875545,794.3192563750781
stage,0.7,densekv,DenseKVCacheBaseline,ctx4096,1,4096,128,1,1.0248630410060287,3.3008718190249056,3996.631585015764,38.77763421840835,25.788061086132075,4.325734860030934
stage,0.7,densekv,DenseKVCacheBaseline,ctx4096,2,4096,128,1,1.024751755176112,3.2975525739602745,3997.065610583969,38.816666945896586,25.762129484064644,4.3223043291363865
stage,0.7,densekv,DenseKVCacheBaseline,ctx4096,3,4096,128,1,1.0249182030092925,3.4002869790419936,3996.41648277259,37.64388146910561,26.564742023765575,4.425205182051286
stage,0.7,densekv,DenseKVCacheBaseline,ctx4096,4,4096,128,1,1.024965309072286,3.33258594898507,3996.2328127059845,38.408611798589035,26.03582772644586,4.357551258057356
stage,0.7,densekv,DenseKVCacheBaseline,ctx4096,5,4096,128,1,1.0248320419341326,3.3287191519048065,3996.752474941895,38.45322905260843,26.0056183742563,4.353551193838939
stage,0.7,densekv,DenseKVCacheBaseline,ctx8192,1,8192,128,1,2.06643307604827,3.289625962032005,3964.319045679388,38.91019875126906,25.70020282837504,5.356059038080275
stage,0.7,densekv,DenseKVCacheBaseline,ctx8192,2,8192,128,1,2.0665251361206174,3.281841394957155,3964.142442215063,39.00249420849025,25.639385898102773,5.348366531077772
stage,0.7,densekv,DenseKVCacheBaseline,ctx8192,3,8192,128,1,2.0663333209231496,3.2795242520514876,3964.5104287144554,39.03005136184931,25.621283219152247,5.345857572974637
stage,0.7,densekv,DenseKVCacheBaseline,ctx8192,4,8192,128,1,2.0659778940025717,3.309592151083052,3965.1924755734112,38.675460345804986,25.856188680336345,5.375570045085624
stage,0.7,densekv,DenseKVCacheBaseline,ctx8192,5,8192,128,1,2.06635026098229,3.2989606119226664,3964.4779274283023,38.80009950327972,25.77312978064583,5.365310872904956
decode_sweep,0.7,densekv,DenseKVCacheBaseline,tok64,1,512,64,1,0.14861574000678957,1.652310045901686,3445.1263370663773,38.73365059950017,25.817344467213843,1.8009257859084755
decode_sweep,0.7,densekv,DenseKVCacheBaseline,tok64,2,512,64,1,0.14859733497723937,1.650466457940638,3445.5530449346415,38.77691648448022,25.78853840532247,1.7990637929178774
decode_sweep,0.7,densekv,DenseKVCacheBaseline,tok128,1,512,128,1,0.14859824790619314,3.3082487671636045,3445.53187681738,38.69116532906425,25.84569349346566,3.4568470150697976
decode_sweep,0.7,densekv,DenseKVCacheBaseline,tok128,2,512,128,1,0.14861939591355622,3.303504928946495,3445.0415899806403,38.74672590266722,25.808632257394493,3.4521243248600513
decode_sweep,0.7,densekv,DenseKVCacheBaseline,tok256,1,512,256,1,0.14869628800079226,6.6522552750539035,3443.260130321962,38.483189447044424,25.98537216817931,6.800951563054696
decode_sweep,0.7,densekv,DenseKVCacheBaseline,tok256,2,512,256,1,0.1486826529726386,6.6230759469326586,3443.5758964713996,38.65273508128215,25.871390417705697,6.771758599905297
decode_sweep,0.7,densekv,DenseKVCacheBaseline,tok512,1,512,512,1,0.14887724304571748,13.314285326050594,3439.074968917675,38.45493674363625,26.004463527442567,13.463162569096312
decode_sweep,0.7,densekv,DenseKVCacheBaseline,tok512,2,512,512,1,0.1487691029906273,13.242574140895158,3441.574827753427,38.66317791031754,25.864402618935856,13.391343243885785
decode_sweep,0.7,densekv,DenseKVCacheBaseline,tok1024,1,512,1024,1,0.1490177719388157,26.568723788950592,3435.831802734367,38.541557665101756,25.946019325147063,26.717741560889408
decode_sweep,0.7,densekv,DenseKVCacheBaseline,tok1024,2,512,1024,1,0.1489875060506165,26.512625433970243,3436.5297706644938,38.62310816973877,25.891235775361565,26.66161294002086
decode_sweep,0.7,densekv,DenseKVCacheBaseline,tok2048,1,512,2048,1,0.14943942008540034,52.87211148184724,3426.137492419381,38.73497658029312,25.816460684495723,53.02155090193264
decode_sweep,0.7,densekv,DenseKVCacheBaseline,tok2048,2,512,2048,1,0.14933562697842717,53.10278478497639,3428.5187691612455,38.566715630691576,25.929094133289254,53.25212041195482
decode_sweep,0.7,densekv,DenseKVCacheBaseline,tok4096,1,512,4096,1,0.1502447249367833,106.96499286103062,3407.7735522190756,38.292902102293795,26.114500210212555,107.1152375859674
decode_sweep,0.7,densekv,DenseKVCacheBaseline,tok4096,2,512,4096,1,0.15027916803956032,107.71381339104846,3406.992510533584,38.02669194460436,26.29731772242394,107.86409255908802
decode_sweep,0.7,densekv,DenseKVCacheBaseline,tok8192,1,512,8192,1,0.1510182002093643,212.40464600292034,3390.319837544005,38.567894601925836,25.928301514028362,212.5556642031297
decode_sweep,0.7,densekv,DenseKVCacheBaseline,tok8192,2,512,8192,1,0.151020681951195,211.73831728403457,3390.2641239923805,38.6892656231461,25.84696255908625,211.88933796598576
decode_sweep,0.7,densekv,DenseKVCacheBaseline,tok16384,1,512,16384,1,0.15304941614158452,421.1605043578893,3345.324751362356,38.90203338268723,25.70559718981258,421.3135537740309
decode_sweep,0.7,densekv,DenseKVCacheBaseline,tok16384,2,512,16384,1,0.15367739321663976,421.4426301389467,3331.654638872167,38.87599124606429,25.72281678094157,421.59630753216334
stage,0.7,flashsvd,FlashSVD-v1.5,ctx4096,1,4096,128,1,0.9634528770111501,2.1691560440231115,4251.375544911676,59.009124932570415,16.94653159393056,3.1326089210342616
stage,0.7,flashsvd,FlashSVD-v1.5,ctx4096,2,4096,128,1,0.9634459121152759,2.1702984750736505,4251.406278746986,58.978062911672204,16.955456836512894,3.1337443871889263
stage,0.7,flashsvd,FlashSVD-v1.5,ctx4096,3,4096,128,1,0.9634350421838462,2.172997303074226,4251.454245130505,58.90481309797914,16.97654143026739,3.136432345258072
stage,0.7,flashsvd,FlashSVD-v1.5,ctx4096,4,4096,128,1,0.963575490983203,2.17122970498167,4250.834561826148,58.95276750604359,16.962732070169295,3.134805195964873
stage,0.7,flashsvd,FlashSVD-v1.5,ctx4096,5,4096,128,1,0.9635131671093404,2.16665473789908,4251.109522756716,59.0772483317377,16.926990139836562,3.1301679050084203
stage,0.7,flashsvd,FlashSVD-v1.5,ctx8192,1,8192,128,1,1.952631298219785,2.3163878940977156,4195.364484564316,55.25844800266444,18.096780422638403,4.269019192317501
stage,0.7,flashsvd,FlashSVD-v1.5,ctx8192,2,8192,128,1,1.952504782937467,2.317038374952972,4195.636329082614,55.24293485324686,18.101862304320093,4.269543157890439
stage,0.7,flashsvd,FlashSVD-v1.5,ctx8192,3,8192,128,1,1.9522463239263743,2.3148732332047075,4196.1917917838255,55.29460454419656,18.084947134411777,4.267119557131082
stage,0.7,flashsvd,FlashSVD-v1.5,ctx8192,4,8192,128,1,1.9522982500493526,2.319820344913751,4196.080183851474,55.17668653981864,18.12359644463868,4.2721185949631035
stage,0.7,flashsvd,FlashSVD-v1.5,ctx8192,5,8192,128,1,1.9522930879611522,2.315470094094053,4196.091278771668,55.28035120232511,18.08961011010979,4.267763182055205
decode_sweep,0.7,flashsvd,FlashSVD-v1.5,tok64,1,512,64,1,0.14037892781198025,1.0070488010533154,3647.2710539986388,63.55203435331005,15.735137516458053,1.1474277288652956
decode_sweep,0.7,flashsvd,FlashSVD-v1.5,tok64,2,512,64,1,0.14063023286871612,1.0082324978429824,3640.7534109537614,63.477422258181434,15.7536327787966,1.1488627307116985
decode_sweep,0.7,flashsvd,FlashSVD-v1.5,tok128,1,512,128,1,0.14034443395212293,2.0159288039430976,3648.1674804051268,63.49430582550126,15.74944378080545,2.1562732378952205
decode_sweep,0.7,flashsvd,FlashSVD-v1.5,tok128,2,512,128,1,0.14036231697537005,2.0158272949047387,3647.702681410159,63.497503145996866,15.74865074144327,2.1561896118801087
decode_sweep,0.7,flashsvd,FlashSVD-v1.5,tok256,1,512,256,1,0.14054245012812316,4.083211289020255,3643.0274236235655,62.69575142691816,15.950044097735372,4.223753739148378
decode_sweep,0.7,flashsvd,FlashSVD-v1.5,tok256,2,512,256,1,0.14070175518281758,4.082853725878522,3638.902722533522,62.701242118321446,15.948647366712976,4.223555481061339
decode_sweep,0.7,flashsvd,FlashSVD-v1.5,tok512,1,512,512,1,0.14098230306990445,8.194012067047879,3631.661484109326,62.48465291612174,16.00392981845289,8.334994370117784
decode_sweep,0.7,flashsvd,FlashSVD-v1.5,tok512,2,512,512,1,0.14064926700666547,8.171159212943166,3640.2607059142083,62.659408127672855,15.959295337779622,8.311808479949832
decode_sweep,0.7,flashsvd,FlashSVD-v1.5,tok1024,1,512,1024,1,0.1406178988981992,16.499535254901275,3641.072751134364,62.06235413181201,16.112827397364526,16.640153153799474
decode_sweep,0.7,flashsvd,FlashSVD-v1.5,tok1024,2,512,1024,1,0.14074970199726522,16.51550793205388,3637.6631192437494,62.002331639621254,16.128425714896366,16.656257634051144
decode_sweep,0.7,flashsvd,FlashSVD-v1.5,tok2048,1,512,2048,1,0.14105199091136456,33.411502374801785,3629.867233293679,61.29625591289054,16.314210143946184,33.55255436571315
decode_sweep,0.7,flashsvd,FlashSVD-v1.5,tok2048,2,512,2048,1,0.14102202584035695,33.3772751421202,3630.6385257832435,61.35911308756125,16.297497627988378,33.518297167960554
decode_sweep,0.7,flashsvd,FlashSVD-v1.5,tok4096,1,512,4096,1,0.14202766283415258,68.52820357098244,3604.931530823461,59.77101086207969,16.730518449946885,68.6702312338166
decode_sweep,0.7,flashsvd,FlashSVD-v1.5,tok4096,2,512,4096,1,0.14164796192198992,68.60863686399534,3614.5948946443355,59.70093835444662,16.750155484373863,68.75028482591733
decode_sweep,0.7,flashsvd,FlashSVD-v1.5,tok8192,1,512,8192,1,0.14283676608465612,143.16632845601998,3584.5112853965707,57.2201584572768,17.476358454104002,143.30916522210464
decode_sweep,0.7,flashsvd,FlashSVD-v1.5,tok8192,2,512,8192,1,0.14299402688629925,143.06206741486676,3580.569140885258,57.26185947141361,17.463631276228853,143.20506144175306
decode_sweep,0.7,flashsvd,FlashSVD-v1.5,tok16384,1,512,16384,1,0.14526695501990616,311.6685905260965,3524.5455508435475,52.56865946081962,19.02274112097757,311.81385748111643
decode_sweep,0.7,flashsvd,FlashSVD-v1.5,tok16384,2,512,16384,1,0.14514884515665472,311.91082258103415,3527.4135281435692,52.52783428424787,19.037525792299448,312.0559714261908
stage,0.6,static,StaticCache,ctx4096,1,4096,128,1,0.963862668024376,3.8959959999192506,4249.568051427439,32.85424317752199,30.437468749369145,4.859858667943627
stage,0.6,static,StaticCache,ctx4096,2,4096,128,1,0.9640832860022783,3.8963838471099734,4248.595592798525,32.85097285652187,30.440498805546667,4.860467133112252
stage,0.6,static,StaticCache,ctx4096,3,4096,128,1,0.9640476601198316,3.897454875987023,4248.752597450281,32.841945339414416,30.448866218648618,4.861502536106855
stage,0.6,static,StaticCache,ctx4096,4,4096,128,1,0.9641068789642304,3.8975148668978363,4248.4916240826515,32.84143983314155,30.449334897639346,4.861621745862067
stage,0.6,static,StaticCache,ctx4096,5,4096,128,1,0.9640833751764148,3.9028247299138457,4248.59519981919,32.796758465457806,30.49081820245192,4.8669081050902605
stage,0.6,static,StaticCache,ctx8192,1,8192,128,1,2.152711003087461,4.024345288053155,3805.434165687299,31.806415910679018,31.440197562915273,6.177056291140616
stage,0.6,static,StaticCache,ctx8192,2,8192,128,1,2.15289438306354,4.024003666127101,3805.11002511089,31.80911614904007,31.437528641617973,6.1768980491906404
stage,0.6,static,StaticCache,ctx8192,3,8192,128,1,2.1530403019860387,4.02320131403394,3804.852139759491,31.81545988104143,31.43126026589016,6.176241616019979
stage,0.6,static,StaticCache,ctx8192,4,8192,128,1,2.1529852298554033,4.078391838120297,3804.949465700786,31.3849196155204,31.862436235314817,6.2313770679757
stage,0.6,static,StaticCache,ctx8192,5,8192,128,1,2.153412248007953,4.054596937960014,3804.1949503993646,31.569105871322574,31.676538577812607,6.208009185967967
decode_sweep,0.6,static,StaticCache,tok64,1,512,64,1,0.13404650101438165,2.010671328054741,3819.5700456595155,31.830164933976512,31.41673950085533,2.1447178290691227
decode_sweep,0.6,static,StaticCache,tok64,2,512,64,1,0.13394321012310684,2.012198739917949,3822.5155237762497,31.806003418235775,31.44060531121795,2.1461419500410557
decode_sweep,0.6,static,StaticCache,tok128,1,512,128,1,0.13452125806361437,4.02556601096876,3806.08988772524,31.79677085190725,31.449734460693435,4.160087269032374
decode_sweep,0.6,static,StaticCache,tok128,2,512,128,1,0.13446422293782234,4.036603861022741,3807.7043009184245,31.70982449775715,31.53596766424016,4.171068083960563
decode_sweep,0.6,static,StaticCache,tok256,1,512,256,1,0.134757213992998,8.067653693957254,3799.4255359613144,31.73165454433751,31.514272242020525,8.202410907950252
decode_sweep,0.6,static,StaticCache,tok256,2,512,256,1,0.1347486989106983,8.039418247062713,3799.665630458641,31.843100101618962,31.403977527588722,8.174166945973411
decode_sweep,0.6,static,StaticCache,tok512,1,512,512,1,0.13645733706653118,16.071090643992648,3752.08846227425,31.85844765248617,31.38884891404814,16.20754798105918
decode_sweep,0.6,static,StaticCache,tok512,2,512,512,1,0.1363522531464696,16.070439785020426,3754.9801208639333,31.859737931829674,31.38757770511802,16.206792038166896
decode_sweep,0.6,static,StaticCache,tok1024,1,512,1024,1,0.13875833014026284,30.884900520090014,3689.8685612780764,33.15536015192629,30.161035664150404,31.023658850230277
decode_sweep,0.6,static,StaticCache,tok1024,2,512,1024,1,0.13872813316993415,30.857610607985407,3690.671735435442,33.18468215212382,30.13438535936075,30.99633874115534
decode_sweep,0.6,static,StaticCache,tok2048,1,512,2048,1,0.14385864487849176,61.8535259750206,3559.0492349796136,33.11048105530928,30.20191697999053,61.997384619899094
decode_sweep,0.6,static,StaticCache,tok2048,2,512,2048,1,0.1438928481657058,61.982123082038015,3558.20325003495,33.04178524651886,30.264708536151375,62.12601593020372
decode_sweep,0.6,static,StaticCache,tok4096,1,512,4096,1,0.15434141899459064,123.14297192683443,3317.320803030485,33.262149970147256,30.064202130574813,123.29731334582902
decode_sweep,0.6,static,StaticCache,tok4096,2,512,4096,1,0.15407477598637342,121.81160705722868,3323.061784268192,33.625695440301065,29.739161879206222,121.96568183321506
decode_sweep,0.6,static,StaticCache,tok8192,1,512,8192,1,0.1738691891077906,263.2725976521615,2944.7425540276977,31.116037419220348,32.13776826808612,263.4464668412693
decode_sweep,0.6,static,StaticCache,tok8192,2,512,8192,1,0.17330451495945454,263.183647549944,2954.33734152734,31.126553933961326,32.12691010131152,263.35695206490345
decode_sweep,0.6,static,StaticCache,tok16384,1,512,16384,1,0.2127959900535643,754.8141245990992,2406.0603767539087,21.706006109387467,46.070198034612986,755.0269205891527
decode_sweep,0.6,static,StaticCache,tok16384,2,512,16384,1,0.21298017888329923,754.7778698401526,2403.9795753977005,21.70704872874693,46.067985219735874,754.9908500190359
stage,0.6,densekv,DenseKVCacheBaseline,ctx4096,1,4096,128,1,0.8786620448809117,3.294165066909045,4661.633017908661,38.856583504512706,25.735664585226914,4.172827111789957
stage,0.6,densekv,DenseKVCacheBaseline,ctx4096,2,4096,128,1,0.8786910178605467,3.2924808841198683,4661.479310409952,38.87645957714236,25.72250690718647,4.171171901980415
stage,0.6,densekv,DenseKVCacheBaseline,ctx4096,3,4096,128,1,0.8784990028943866,3.3070018920116127,4662.498177578947,38.70575348299514,25.835952281340724,4.185500894905999
stage,0.6,densekv,DenseKVCacheBaseline,ctx4096,4,4096,128,1,0.8787490958347917,3.304088436998427,4661.171225569106,38.739883160113166,25.81319091405021,4.182837532833219
stage,0.6,densekv,DenseKVCacheBaseline,ctx4096,5,4096,128,1,0.8786065618041903,3.306365826865658,4661.927395111864,38.713199537674996,25.830983022387954,4.184972388669848
stage,0.6,densekv,DenseKVCacheBaseline,ctx8192,1,8192,128,1,1.8002176159061491,3.273163401056081,4550.560958640833,39.10589980283325,25.571589070750633,5.07338101696223
stage,0.6,densekv,DenseKVCacheBaseline,ctx8192,2,8192,128,1,1.7996456588152796,3.266996283084154,4552.007202013788,39.17972011867847,25.523408461594954,5.066641941899434
stage,0.6,densekv,DenseKVCacheBaseline,ctx8192,3,8192,128,1,1.7997109091375023,3.2713971161283553,4551.842164431816,39.12701376697608,25.557789969752776,5.071108025265858
stage,0.6,densekv,DenseKVCacheBaseline,ctx8192,4,8192,128,1,1.799507352989167,3.2937033630441874,4552.357058387255,38.86203033223268,25.732057523782714,5.093210716033354
stage,0.6,densekv,DenseKVCacheBaseline,ctx8192,5,8192,128,1,1.799747046083212,3.2955244379118085,4551.750768436177,38.840555550881156,25.746284671186004,5.09527148399502
decode_sweep,0.6,densekv,DenseKVCacheBaseline,tok64,1,512,64,1,0.13310669618658721,1.6535388850606978,3846.5382634265457,38.704865412131326,25.836545079073403,1.786645581247285
decode_sweep,0.6,densekv,DenseKVCacheBaseline,tok64,2,512,64,1,0.13307340489700437,1.6507051489315927,3847.500561034534,38.77130936522707,25.792267952056136,1.783778553828597
decode_sweep,0.6,densekv,DenseKVCacheBaseline,tok128,1,512,128,1,0.13248654105700552,3.3090803218074143,3864.543491853257,38.68144244080682,25.852190014120424,3.44156686286442
decode_sweep,0.6,densekv,DenseKVCacheBaseline,tok128,2,512,128,1,0.13245585304684937,3.2960923470091075,3865.43884790736,38.833863412882806,25.750721461008652,3.428548200055957
decode_sweep,0.6,densekv,DenseKVCacheBaseline,tok256,1,512,256,1,0.13303213799372315,6.597599540837109,3848.6940653705624,38.8019913023576,25.771873206394957,6.730631678830832
decode_sweep,0.6,densekv,DenseKVCacheBaseline,tok256,2,512,256,1,0.13303983304649591,6.584077188977972,3848.4714560718203,38.88168267962517,25.719051519445202,6.717117022024468
decode_sweep,0.6,densekv,DenseKVCacheBaseline,tok512,1,512,512,1,0.13322318205609918,13.245003818068653,3843.1749797448992,38.65608549704883,25.86914808216534,13.378227000124753
decode_sweep,0.6,densekv,DenseKVCacheBaseline,tok512,2,512,512,1,0.13323501404374838,13.209032665006816,3842.8336850843298,38.76135467182114,25.79889192384144,13.342267679050565
decode_sweep,0.6,densekv,DenseKVCacheBaseline,tok1024,1,512,1024,1,0.1333979549817741,26.57235839194618,3838.1397980947577,38.53628589889726,25.949568742134943,26.705756346927956
decode_sweep,0.6,densekv,DenseKVCacheBaseline,tok1024,2,512,1024,1,0.1333966520614922,26.435434804996476,3838.177286218413,38.735886417364966,25.81585430175437,26.568831457057968
decode_sweep,0.6,densekv,DenseKVCacheBaseline,tok2048,1,512,2048,1,0.13367851311340928,52.60077289119363,3830.084492080136,38.93478911871415,25.68397113827814,52.73445140430704
decode_sweep,0.6,densekv,DenseKVCacheBaseline,tok2048,2,512,2048,1,0.13370859902352095,52.57443997915834,3829.2226808085325,38.954290351202445,25.67111327107341,52.70814857818186
decode_sweep,0.6,densekv,DenseKVCacheBaseline,tok4096,1,512,4096,1,0.1342976181767881,105.5641870778054,3812.428000964307,38.801037675599865,25.772506610792334,105.69848469598219
decode_sweep,0.6,densekv,DenseKVCacheBaseline,tok4096,2,512,4096,1,0.13427280099131167,105.53419772698544,3813.1326390750555,38.812063655387405,25.765184991939805,105.66847052797675
decode_sweep,0.6,densekv,DenseKVCacheBaseline,tok8192,1,512,8192,1,0.1354853119701147,211.15278518595733,3779.0074256384096,38.79655195069057,25.77548647289518,211.28827049792744
decode_sweep,0.6,densekv,DenseKVCacheBaseline,tok8192,2,512,8192,1,0.1353536790702492,211.1070717771072,3782.6825507585177,38.804953008155714,25.769906222791406,211.24242545617744
decode_sweep,0.6,densekv,DenseKVCacheBaseline,tok16384,1,512,16384,1,0.13773607090115547,422.83405680791475,3717.254286768716,38.748061411342114,25.807742725092453,422.9717928788159
decode_sweep,0.6,densekv,DenseKVCacheBaseline,tok16384,2,512,16384,1,0.1375117260031402,422.4528303691186,3723.3188389207476,38.783028120996285,25.7844745098339,422.59034209512174
stage,0.6,flashsvd,FlashSVD-v1.5,ctx4096,1,4096,128,1,0.8319326159544289,1.9411238548345864,4923.475677535364,65.9411812807316,15.165030115895206,2.7730564707890153
stage,0.6,flashsvd,FlashSVD-v1.5,ctx4096,2,4096,128,1,0.8319501290097833,1.9434838760644197,4923.372035382945,65.86110724993596,15.18346778175328,2.775434005074203
stage,0.6,flashsvd,FlashSVD-v1.5,ctx4096,3,4096,128,1,0.8320253679994494,1.943297082092613,4922.926821147971,65.86743796381609,15.182008453848539,2.7753224500920624
stage,0.6,flashsvd,FlashSVD-v1.5,ctx4096,4,4096,128,1,0.8320751700084656,1.942725975997746,4922.632170310198,65.8868011142239,15.17754668748239,2.7748011460062116
stage,0.6,flashsvd,FlashSVD-v1.5,ctx4096,5,4096,128,1,0.8322001500055194,1.9406544771045446,4921.892888354843,65.95713018990168,15.161363102379255,2.772854627110064
stage,0.6,flashsvd,FlashSVD-v1.5,ctx8192,1,8192,128,1,1.70551424799487,2.09136113896966,4803.243367583195,61.204159154961204,16.338758898200467,3.7968753869645298
stage,0.6,flashsvd,FlashSVD-v1.5,ctx8192,2,8192,128,1,1.7055344539694488,2.0928801060654223,4803.1864621286295,61.159738500566924,16.35062582863611,3.798414560034871
stage,0.6,flashsvd,FlashSVD-v1.5,ctx8192,3,8192,128,1,1.7056563198566437,2.0935090691782534,4802.843283627336,61.141363982838016,16.355539602955105,3.799165389034897
stage,0.6,flashsvd,FlashSVD-v1.5,ctx8192,4,8192,128,1,1.7053845869377255,2.093279975000769,4803.608560055048,61.148055457776486,16.353749804693507,3.7986645619384944
stage,0.6,flashsvd,FlashSVD-v1.5,ctx8192,5,8192,128,1,1.7051356979645789,2.0912244459614158,4804.30971551343,61.20815976840473,16.33769098407356,3.7963601439259946
decode_sweep,0.6,flashsvd,FlashSVD-v1.5,tok64,1,512,64,1,0.12539505190216005,0.8925354299135506,4083.095722146117,71.70583693937945,13.945866092399228,1.0179304818157107
decode_sweep,0.6,flashsvd,FlashSVD-v1.5,tok64,2,512,64,1,0.1254632279742509,0.8933444449212402,4080.8769889539176,71.64089995056993,13.958506951894378,1.0188076728954911
decode_sweep,0.6,flashsvd,FlashSVD-v1.5,tok128,1,512,128,1,0.12533219601027668,1.7867592119146138,4085.1434531476516,71.63808035602108,13.95905634308292,1.9120914079248905
decode_sweep,0.6,flashsvd,FlashSVD-v1.5,tok128,2,512,128,1,0.1252367589622736,1.7852698189672083,4088.2565489756503,71.69784569261857,13.947420460681315,1.9105065779294819
decode_sweep,0.6,flashsvd,FlashSVD-v1.5,tok256,1,512,256,1,0.12553722504526377,3.6184843168593943,4078.4715435233893,70.74785395841955,14.134704362732009,3.744021541904658
decode_sweep,0.6,flashsvd,FlashSVD-v1.5,tok256,2,512,256,1,0.1254670440685004,3.6269776939880103,4080.7528686215546,70.58218208078294,14.167881617140665,3.7524447380565107
decode_sweep,0.6,flashsvd,FlashSVD-v1.5,tok512,1,512,512,1,0.1257203130517155,7.272725478047505,4072.5320162811477,70.40001737250444,14.204541949311533,7.3984457910992205
decode_sweep,0.6,flashsvd,FlashSVD-v1.5,tok512,2,512,512,1,0.12575550796464086,7.264320133021101,4071.3922458486745,70.48147529630806,14.188125259806839,7.390075640985742
decode_sweep,0.6,flashsvd,FlashSVD-v1.5,tok1024,1,512,1024,1,0.1256974709685892,14.683293080190197,4073.27208777291,69.7391242146844,14.339153398623239,14.808990551158786
decode_sweep,0.6,flashsvd,FlashSVD-v1.5,tok1024,2,512,1024,1,0.12578227813355625,14.681115474086255,4070.525733810894,69.7494684111347,14.337026830162358,14.806897752219811
decode_sweep,0.6,flashsvd,FlashSVD-v1.5,tok2048,1,512,2048,1,0.12607753300108016,29.732463704887778,4060.993166765196,68.88093836849872,14.517804543402235,29.858541237888858
decode_sweep,0.6,flashsvd,FlashSVD-v1.5,tok2048,2,512,2048,1,0.12596392282284796,29.76287452597171,4064.6558834156194,68.81055787178326,14.532653577134624,29.88883844879456
decode_sweep,0.6,flashsvd,FlashSVD-v1.5,tok4096,1,512,4096,1,0.12672359705902636,61.35106712183915,4040.2893532253224,66.76330489680996,14.978287871542761,61.47779071889818
decode_sweep,0.6,flashsvd,FlashSVD-v1.5,tok4096,2,512,4096,1,0.12674489594064653,61.35371390799992,4039.6104016667064,66.76042474204519,14.978934059570292,61.480458803940564
decode_sweep,0.6,flashsvd,FlashSVD-v1.5,tok8192,1,512,8192,1,0.12777997902594507,128.51549196615815,4006.8874944488844,63.74328786880566,15.687926265400165,128.6432719451841
decode_sweep,0.6,flashsvd,FlashSVD-v1.5,tok8192,2,512,8192,1,0.1277679370250553,128.64406444714405,4007.2651396069487,63.67958005062756,15.703621148333013,128.7718323841691
decode_sweep,0.6,flashsvd,FlashSVD-v1.5,tok16384,1,512,16384,1,0.12999350018799305,282.8969705188647,3938.6584656891273,57.91507759856852,17.26666079827055,283.0269640190527
decode_sweep,0.6,flashsvd,FlashSVD-v1.5,tok16384,2,512,16384,1,0.13029982591979206,282.5778003889136,3929.398956489543,57.9804923721913,17.247180199518652,282.7081002148334
stage,0.5,static,StaticCache,ctx4096,1,4096,128,1,0.36939489701762795,3.927615833003074,11088.404396134725,32.58974539323277,30.684498695336515,4.297010730020702
stage,0.5,static,StaticCache,ctx4096,2,4096,128,1,0.3689003430772573,3.918740860885009,11103.269695637533,32.66355305032659,30.615162975664134,4.2876412039622664
stage,0.5,static,StaticCache,ctx4096,3,4096,128,1,0.36876755696721375,3.91681663505733,11107.267769664904,32.67959976842941,30.60012996138539,4.285584192024544
stage,0.5,static,StaticCache,ctx4096,4,4096,128,1,0.36875864188186824,3.9107452938333154,11107.53629826024,32.730334087939106,30.552697608072776,4.279503935715184
stage,0.5,static,StaticCache,ctx4096,5,4096,128,1,0.36900463490746915,3.9097129970323294,11100.131577011505,32.73897600595197,30.544632789315074,4.278717631939799
stage,0.5,static,StaticCache,ctx8192,1,8192,128,1,0.9290094031020999,3.9074046909809113,8817.994707745367,32.758316612418,30.52659914828837,4.836414094083011
stage,0.5,static,StaticCache,ctx8192,2,8192,128,1,0.9288307630922645,3.9173645980190486,8819.690653577389,32.675028529314744,30.604410922023817,4.846195361111313
stage,0.5,static,StaticCache,ctx8192,3,8192,128,1,0.9288897919468582,3.9267956281546503,8819.130182096635,32.596552538221104,30.678090844958206,4.8556854201015085
stage,0.5,static,StaticCache,ctx8192,4,8192,128,1,0.9288921561092138,3.9298221219796687,8819.107736158805,32.5714487900331,30.701735327966162,4.858714278088883
stage,0.5,static,StaticCache,ctx8192,5,8192,128,1,0.9291238440200686,3.9233846138231456,8816.908588370117,32.62489217830476,30.651442295493325,4.852508457843214
decode_sweep,0.5,static,StaticCache,tok64,1,512,64,1,0.046625600196421146,1.9588629079516977,10981.091886068627,32.67201586195849,30.607232936745277,2.005488508148119
decode_sweep,0.5,static,StaticCache,tok64,2,512,64,1,0.0466535110026598,1.9620559588074684,10974.522367047788,32.618845406885846,30.657124356366694,2.008709469810128
decode_sweep,0.5,static,StaticCache,tok128,1,512,128,1,0.04712216812185943,3.9032230030279607,10865.374417322048,32.79341198304653,30.493929711155943,3.95034517114982
decode_sweep,0.5,static,StaticCache,tok128,2,512,128,1,0.04715101094916463,3.8980861101299524,10858.727940149734,32.836627099480054,30.453797735390253,3.945237121079117
decode_sweep,0.5,static,StaticCache,tok256,1,512,256,1,0.047775465063750744,7.805977332172915,10716.797823250829,32.79538091212192,30.49209895380045,7.853752797236666
decode_sweep,0.5,static,StaticCache,tok256,2,512,256,1,0.04775956505909562,7.8096234309487045,10720.365634956544,32.780069649133054,30.506341527143377,7.8573829960078
decode_sweep,0.5,static,StaticCache,tok512,1,512,512,1,0.049088901840150356,15.615264783147722,10430.056098367015,32.7884289578336,30.498564029585395,15.664353684987873
decode_sweep,0.5,static,StaticCache,tok512,2,512,512,1,0.04911489109508693,15.654855993809178,10424.537010756325,32.70550685375029,30.57589061290855,15.703970884904265
decode_sweep,0.5,static,StaticCache,tok1024,1,512,1024,1,0.051543499110266566,31.311322203138843,9933.35743280996,32.7038249409138,30.577463089002777,31.36286570224911
decode_sweep,0.5,static,StaticCache,tok1024,2,512,1024,1,0.05144284316338599,31.39671752997674,9952.793596066473,32.614874437823396,30.66085696286791,31.448160373140126
decode_sweep,0.5,static,StaticCache,tok2048,1,512,2048,1,0.05649663298390806,62.437240212922916,9062.486965299915,32.800937277431366,30.486933697716267,62.493736845906824
decode_sweep,0.5,static,StaticCache,tok2048,2,512,2048,1,0.056480213068425655,62.4062135219574,9065.121609575253,32.8172450212737,30.47178394626826,62.46269373502582
decode_sweep,0.5,static,StaticCache,tok4096,1,512,4096,1,0.06651403591968119,125.07134916307405,7697.6234101666,32.74930691488294,30.534997354266125,125.13786319899373
decode_sweep,0.5,static,StaticCache,tok4096,2,512,4096,1,0.0664191311225295,125.15944601292722,7708.622370495427,32.72625543242609,30.55650537424981,125.22586514404975
decode_sweep,0.5,static,StaticCache,tok8192,1,512,8192,1,0.08581283409148455,250.82972957286984,5966.473493395637,32.65960543811893,30.618863473250713,250.91554240696132
decode_sweep,0.5,static,StaticCache,tok8192,2,512,8192,1,0.08585179410874844,251.70534258102998,5963.765874845315,32.54599173779078,30.725749826785886,251.79119437513873
decode_sweep,0.5,static,StaticCache,tok16384,1,512,16384,1,0.1252794498577714,728.4249970410019,4086.8634128044855,22.492363752692263,44.45953351080334,728.5502764908597
decode_sweep,0.5,static,StaticCache,tok16384,2,512,16384,1,0.12541716499254107,728.3050478028599,4082.3758058193243,22.496068164606317,44.452212390311274,728.4304649678525
stage,0.5,densekv,DenseKVCacheBaseline,ctx4096,1,4096,128,1,0.28396834596060216,3.405013659968972,14424.14289573064,37.59162599105884,26.601669218507595,3.6889820059295744
stage,0.5,densekv,DenseKVCacheBaseline,ctx4096,2,4096,128,1,0.2842201211024076,3.407072104047984,14411.365332309344,37.568914332021805,26.617750812874874,3.6912922251503915
stage,0.5,densekv,DenseKVCacheBaseline,ctx4096,3,4096,128,1,0.2836500168778002,3.3919492051936686,14440.330535092495,37.73641415502613,26.499603165575536,3.675599222071469
stage,0.5,densekv,DenseKVCacheBaseline,ctx4096,4,4096,128,1,0.2846370409242809,3.39385903486982,14390.256400570217,37.71517870509014,26.514523709920468,3.6784960757941008
stage,0.5,densekv,DenseKVCacheBaseline,ctx4096,5,4096,128,1,0.2846947479993105,3.3694777260534465,14387.339523417973,37.98808314127721,26.32404473479255,3.654172474052757
stage,0.5,densekv,DenseKVCacheBaseline,ctx8192,1,8192,128,1,0.5821044950280339,3.3542248371522874,14073.074628302737,38.16082886938226,26.204881540252245,3.936329332180321
stage,0.5,densekv,DenseKVCacheBaseline,ctx8192,2,8192,128,1,0.5838825809769332,3.351650789147243,14030.218175533535,38.19013616050582,26.184771790212835,3.935533370124176
stage,0.5,densekv,DenseKVCacheBaseline,ctx8192,3,8192,128,1,0.5819307840429246,3.352652512025088,14077.27555343719,38.178725513872216,26.192597750196,3.9345832960680127
stage,0.5,densekv,DenseKVCacheBaseline,ctx8192,4,8192,128,1,0.581756962928921,3.3637289518956095,14081.481653019593,38.05300659789082,26.27913243668445,3.9454859148245305
stage,0.5,densekv,DenseKVCacheBaseline,ctx8192,5,8192,128,1,0.5825637730304152,3.3651796320918947,14061.979785296919,38.03660249792711,26.290465875717928,3.94774340512231
decode_sweep,0.5,densekv,DenseKVCacheBaseline,tok64,1,512,64,1,0.04539393284358084,1.6854736460372806,11279.04034585983,37.971522218974165,26.33552571933251,1.7308675788808614
decode_sweep,0.5,densekv,DenseKVCacheBaseline,tok64,2,512,64,1,0.04537751292809844,1.6847086930647492,11283.121682126432,37.98876343635051,26.323573329136707,1.7300862059928477
decode_sweep,0.5,densekv,DenseKVCacheBaseline,tok128,1,512,128,1,0.04535806714557111,3.35378237022087,11287.958950208333,38.16586345510854,26.201424767350545,3.399140437366441
decode_sweep,0.5,densekv,DenseKVCacheBaseline,tok128,2,512,128,1,0.04538174089975655,3.3440153889823705,11282.070494628086,38.27733581063218,26.12512022642477,3.389397129882127
decode_sweep,0.5,densekv,DenseKVCacheBaseline,tok256,1,512,256,1,0.04536558105610311,6.731207745848224,11286.089323242995,38.03180791112852,26.293780257219623,6.776573326904327
decode_sweep,0.5,densekv,DenseKVCacheBaseline,tok256,2,512,256,1,0.045345493825152516,6.723103960044682,11291.088856022132,38.07765007374638,26.26212484392454,6.7684494538698345
decode_sweep,0.5,densekv,DenseKVCacheBaseline,tok512,1,512,512,1,0.045501451939344406,13.471004036953673,11252.38818054686,38.00756043094346,26.310554759675142,13.516505488893017
decode_sweep,0.5,densekv,DenseKVCacheBaseline,tok512,2,512,512,1,0.045515719102695584,13.435376073932275,11248.861054898234,38.10834897233714,26.240968894398975,13.48089179303497
decode_sweep,0.5,densekv,DenseKVCacheBaseline,tok1024,1,512,1024,1,0.04615534096956253,26.908093128120527,11092.974057707472,38.055465139217176,26.277434695430202,26.95424846909009
decode_sweep,0.5,densekv,DenseKVCacheBaseline,tok1024,2,512,1024,1,0.045684780925512314,26.91092660999857,11207.23334177307,38.05145823628161,26.280201767576727,26.95661139092408
decode_sweep,0.5,densekv,DenseKVCacheBaseline,tok2048,1,512,2048,1,0.04598707985132933,54.02679132693447,11133.561897281457,37.9071188515871,26.380269202604723,54.0727784067858
decode_sweep,0.5,densekv,DenseKVCacheBaseline,tok2048,2,512,2048,1,0.04595312708988786,53.77531348797493,11141.788000596533,38.084389790827856,26.257477289050257,53.821266615064815
decode_sweep,0.5,densekv,DenseKVCacheBaseline,tok4096,1,512,4096,1,0.0465332290623337,107.70764128514566,11002.889984577454,38.028871035772035,26.295810860631263,107.75417451420799
decode_sweep,0.5,densekv,DenseKVCacheBaseline,tok4096,2,512,4096,1,0.04651595698669553,107.91137541504577,11006.975523398174,37.95707342479954,26.345550638438908,107.95789137203246
decode_sweep,0.5,densekv,DenseKVCacheBaseline,tok8192,1,512,8192,1,0.04766951804049313,215.62350842100568,10740.616247998958,37.992146867423614,26.321229055298545,215.67117793904617
decode_sweep,0.5,densekv,DenseKVCacheBaseline,tok8192,2,512,8192,1,0.047631839057430625,216.1409664710518,10749.112571166352,37.90119075412375,26.384395321173315,216.18859831010923
decode_sweep,0.5,densekv,DenseKVCacheBaseline,tok16384,1,512,16384,1,0.049784447997808456,439.1257293790113,10284.336185118264,37.310498802175395,26.80210750604317,439.1755138270091
decode_sweep,0.5,densekv,DenseKVCacheBaseline,tok16384,2,512,16384,1,0.0501184759195894,438.12614289694466,10215.793489440064,37.39562284886026,26.741097588924845,438.17626137286425
stage,0.5,flashsvd,FlashSVD-v1.5,ctx4096,1,4096,128,1,0.2815875180531293,1.6453340200241655,14546.099302694147,77.7957535930121,12.854172031438793,1.9269215380772948
stage,0.5,flashsvd,FlashSVD-v1.5,ctx4096,2,4096,128,1,0.28113519214093685,1.6458110518287867,14569.502909997194,77.77320480244035,12.857898842412396,1.9269462439697236
stage,0.5,flashsvd,FlashSVD-v1.5,ctx4096,3,4096,128,1,0.27973902085796,1.6430503691080958,14642.218977665547,77.90388073707247,12.836331008656998,1.9227893899660558
stage,0.5,flashsvd,FlashSVD-v1.5,ctx4096,4,4096,128,1,0.2820863400120288,1.6434543351642787,14520.376987504384,77.88473172709432,12.839486993470928,1.9255406751763076
stage,0.5,flashsvd,FlashSVD-v1.5,ctx4096,5,4096,128,1,0.28118032589554787,1.6458618850447237,14567.164281335854,77.77080274054818,12.858295976911904,1.9270422109402716
stage,0.5,flashsvd,FlashSVD-v1.5,ctx8192,1,8192,128,1,0.5808954460080713,1.8057456300593913,14102.36567749952,70.8848455005205,14.107387734838994,2.3866410760674626
stage,0.5,flashsvd,FlashSVD-v1.5,ctx8192,2,8192,128,1,0.580989871872589,1.799981117947027,14100.07367873102,71.11185707658463,14.06235248396115,2.380970989819616
stage,0.5,flashsvd,FlashSVD-v1.5,ctx8192,3,8192,128,1,2.073494062991813,1.8030088730156422,3950.819125172651,70.99244042316452,14.086006820434704,3.876502936007455
stage,0.5,flashsvd,FlashSVD-v1.5,ctx8192,4,8192,128,1,0.5810159090906382,1.8012971989810467,14099.441808437732,71.05990064960226,14.072634367039427,2.382313108071685
stage,0.5,flashsvd,FlashSVD-v1.5,ctx8192,5,8192,128,1,0.5814220400061458,1.804516889853403,14089.593163536436,70.93311274598189,14.09778820197971,2.385938929859549
decode_sweep,0.5,flashsvd,FlashSVD-v1.5,tok64,1,512,64,1,0.04459854308515787,0.734514974988997,11480.195642767321,87.13232837895336,11.476796484203078,0.7791135180741549
decode_sweep,0.5,flashsvd,FlashSVD-v1.5,tok64,2,512,64,1,0.04463993990793824,0.7334045418538153,11469.549489894182,87.26425369309575,11.459445966465864,0.7780444817617536
decode_sweep,0.5,flashsvd,FlashSVD-v1.5,tok128,1,512,128,1,0.04464464890770614,1.4663870038930327,11468.339712077417,87.2893715371042,11.456148467914318,1.5110316528007388
decode_sweep,0.5,flashsvd,FlashSVD-v1.5,tok128,2,512,128,1,0.04464027099311352,1.4692775171715766,11469.4644232555,87.11764694147475,11.478730602902942,1.5139177881646901
decode_sweep,0.5,flashsvd,FlashSVD-v1.5,tok256,1,512,256,1,0.04472325392998755,2.9883115889970213,11448.18310406294,85.66710410741413,11.673092144519615,3.033034842927009
decode_sweep,0.5,flashsvd,FlashSVD-v1.5,tok256,2,512,256,1,0.044695481890812516,2.9815757910255343,11455.296561088098,85.8606381130922,11.646780433693493,3.026271272916347
decode_sweep,0.5,flashsvd,FlashSVD-v1.5,tok512,1,512,512,1,0.044834579806774855,5.988136586965993,11419.756853004626,85.50239169801817,11.695579271417955,6.032971166772768
decode_sweep,0.5,flashsvd,FlashSVD-v1.5,tok512,2,512,512,1,0.0448271669447422,5.993320117006078,11421.645285572808,85.42844199948493,11.705703353527497,6.038147283950821
decode_sweep,0.5,flashsvd,FlashSVD-v1.5,tok1024,1,512,1024,1,0.04499518685042858,12.156933909049258,11378.99486231655,84.23176498786138,11.872005770555916,12.201929095899686
decode_sweep,0.5,flashsvd,FlashSVD-v1.5,tok1024,2,512,1024,1,0.045014071045443416,12.126068126875907,11374.221173710695,84.44616913626211,11.841863405152253,12.17108219792135
decode_sweep,0.5,flashsvd,FlashSVD-v1.5,tok2048,1,512,2048,1,0.04560098610818386,24.701851509977132,11227.82737165662,82.90876492285642,12.061450932606022,24.747452496085316
decode_sweep,0.5,flashsvd,FlashSVD-v1.5,tok2048,2,512,2048,1,0.04529022192582488,24.75303488597274,11304.868429184118,82.73732935918004,12.086442815416376,24.798325107898563
decode_sweep,0.5,flashsvd,FlashSVD-v1.5,tok4096,1,512,4096,1,0.045904166996479034,51.31010259594768,11153.67151830185,79.82833385181128,12.52688051658879,51.35600676294416
decode_sweep,0.5,flashsvd,FlashSVD-v1.5,tok4096,2,512,4096,1,0.045860787155106664,51.31976442504674,11164.221806057423,79.81330479375578,12.529239361583677,51.36562521220185
decode_sweep,0.5,flashsvd,FlashSVD-v1.5,tok8192,1,512,8192,1,0.047062638215720654,109.05134275811724,10879.118116012738,75.12057892006312,13.311931489027984,109.09840539633296
decode_sweep,0.5,flashsvd,FlashSVD-v1.5,tok8192,2,512,8192,1,0.04728224407881498,108.90816737501882,10828.589251105444,75.21933567930984,13.294454025270852,108.95544961909764
decode_sweep,0.5,flashsvd,FlashSVD-v1.5,tok16384,1,512,16384,1,0.04964620200917125,243.54182945610955,10312.974190964642,67.27386435664712,14.8646136142645,243.59147565811872
decode_sweep,0.5,flashsvd,FlashSVD-v1.5,tok16384,2,512,16384,1,0.04924182500690222,243.83813720406033,10397.664991665784,67.19211435858679,14.88269880395876,243.88737902906723
